Model,Accuracy,Precision,Recall,F1-Score
Decision Tree,0.5991018164756351,0.4726526858182572,0.5991018164756351,0.44984128977669574
Random Forest,0.5371673704671895,0.4871750501597825,0.5371673704671895,0.4997650981114437
Naive Bayes,0.22240096521214558,0.4841422543769382,0.22240096521214558,0.2633368950945387
