support,itemsets
0.050081944961138984,Books
0.34675286807363986,Clothing
0.15179424273806771,Cosmetics
0.14856671727480217,Food & Beverage
0.10088782086730949,Shoes
0.05026292769739687,Souvenir
0.050232763908020554,Technology
0.10142071447962436,Toys
